FILE,ALGORITHM,DURATION,QuickSort – Small_List Unsorted Avg (ms)
small_list/unsorted/unsorted_6.txt,QuickSort,2.531096,2.36956036666667
small_list/unsorted/unsorted_28.txt,QuickSort,2.18633,
small_list/unsorted/unsorted_21.txt,QuickSort,2.369252,QuickSort – Small_List Sorted S_L AVG (ms)
small_list/unsorted/unsorted_16.txt,QuickSort,2.34748,6.95520603333334
small_list/unsorted/unsorted_12.txt,QuickSort,2.435397,
small_list/unsorted/unsorted_20.txt,QuickSort,2.275862,
small_list/unsorted/unsorted_25.txt,QuickSort,2.331216,
small_list/unsorted/unsorted_3.txt,QuickSort,2.880251,
small_list/unsorted/unsorted_7.txt,QuickSort,2.332687,
small_list/unsorted/unsorted_10.txt,QuickSort,2.224394,
small_list/unsorted/unsorted_19.txt,QuickSort,2.483989,
small_list/unsorted/unsorted_22.txt,QuickSort,2.509905,
small_list/unsorted/unsorted_2.txt,QuickSort,2.385356,
small_list/unsorted/unsorted_15.txt,QuickSort,2.312814,
small_list/unsorted/unsorted_26.txt,QuickSort,2.230089,
small_list/unsorted/unsorted_11.txt,QuickSort,2.157156,
small_list/unsorted/unsorted_8.txt,QuickSort,2.338823,
small_list/unsorted/unsorted_18.txt,QuickSort,2.411092,
small_list/unsorted/unsorted_23.txt,QuickSort,2.416078,
small_list/unsorted/unsorted_1.txt,QuickSort,2.63084,
small_list/unsorted/unsorted_14.txt,QuickSort,2.369218,
small_list/unsorted/unsorted_27.txt,QuickSort,2.162055,
small_list/unsorted/unsorted_29.txt,QuickSort,2.223496,
small_list/unsorted/unsorted_5.txt,QuickSort,2.149547,
small_list/unsorted/unsorted_9.txt,QuickSort,2.329886,
small_list/unsorted/unsorted_17.txt,QuickSort,2.208678,
small_list/unsorted/unsorted_24.txt,QuickSort,2.736237,
small_list/unsorted/unsorted_30.txt,QuickSort,2.401984,
small_list/unsorted/unsorted_4.txt,QuickSort,2.352864,
small_list/unsorted/unsorted_13.txt,QuickSort,2.362739,
small_list/sorted_smallest_largest/sorted_19.txt,QuickSort,35.873121,
small_list/sorted_smallest_largest/sorted_27.txt,QuickSort,6.899931,
small_list/sorted_smallest_largest/sorted_12.txt,QuickSort,5.916941,
small_list/sorted_smallest_largest/sorted_3.txt,QuickSort,5.7904,
small_list/sorted_smallest_largest/sorted_16.txt,QuickSort,7.071926,
small_list/sorted_smallest_largest/sorted_24.txt,QuickSort,6.415432,
small_list/sorted_smallest_largest/sorted_20.txt,QuickSort,5.920097,
small_list/sorted_smallest_largest/sorted_7.txt,QuickSort,6.210736,
small_list/sorted_smallest_largest/sorted_11.txt,QuickSort,5.63962,
small_list/sorted_smallest_largest/sorted_2.txt,QuickSort,5.609015,
small_list/sorted_smallest_largest/sorted_26.txt,QuickSort,5.912723,
small_list/sorted_smallest_largest/sorted_6.txt,QuickSort,5.592144,
small_list/sorted_smallest_largest/sorted_15.txt,QuickSort,5.47463,
small_list/sorted_smallest_largest/sorted_21.txt,QuickSort,5.958543,
small_list/sorted_smallest_largest/sorted_1.txt,QuickSort,5.68836,
small_list/sorted_smallest_largest/sorted_10.txt,QuickSort,5.572085,
small_list/sorted_smallest_largest/sorted_29.txt,QuickSort,6.045095,
small_list/sorted_smallest_largest/sorted_25.txt,QuickSort,5.490875,
small_list/sorted_smallest_largest/sorted_30.txt,QuickSort,5.550015,
small_list/sorted_smallest_largest/sorted_5.txt,QuickSort,6.153074,
small_list/sorted_smallest_largest/sorted_14.txt,QuickSort,5.734884,
small_list/sorted_smallest_largest/sorted_18.txt,QuickSort,5.871452,
small_list/sorted_smallest_largest/sorted_22.txt,QuickSort,6.048653,
small_list/sorted_smallest_largest/sorted_9.txt,QuickSort,5.633464,
small_list/sorted_smallest_largest/sorted_28.txt,QuickSort,5.448595,
small_list/sorted_smallest_largest/sorted_13.txt,QuickSort,6.411337,
small_list/sorted_smallest_largest/sorted_23.txt,QuickSort,5.974678,
small_list/sorted_smallest_largest/sorted_4.txt,QuickSort,6.313444,
small_list/sorted_smallest_largest/sorted_8.txt,QuickSort,6.643529,
small_list/sorted_smallest_largest/sorted_17.txt,QuickSort,5.791382,
small_list/sorted_largest_smallest/sorted_4.txt,QuickSort,4.556185,
small_list/sorted_largest_smallest/sorted_28.txt,QuickSort,4.649988,
small_list/sorted_largest_smallest/sorted_21.txt,QuickSort,4.651803,
small_list/sorted_largest_smallest/sorted_16.txt,QuickSort,4.45176,
small_list/sorted_largest_smallest/sorted_25.txt,QuickSort,4.622642,
small_list/sorted_largest_smallest/sorted_12.txt,QuickSort,4.802385,
small_list/sorted_largest_smallest/sorted_7.txt,QuickSort,4.305505,
small_list/sorted_largest_smallest/sorted_29.txt,QuickSort,4.111112,
small_list/sorted_largest_smallest/sorted_20.txt,QuickSort,4.633758,
small_list/sorted_largest_smallest/sorted_5.txt,QuickSort,4.223167,
small_list/sorted_largest_smallest/sorted_17.txt,QuickSort,4.355013,
small_list/sorted_largest_smallest/sorted_1.txt,QuickSort,4.68609,
small_list/sorted_largest_smallest/sorted_24.txt,QuickSort,4.535014,
small_list/sorted_largest_smallest/sorted_30.txt,QuickSort,4.527739,
small_list/sorted_largest_smallest/sorted_13.txt,QuickSort,6.612204,
small_list/sorted_largest_smallest/sorted_6.txt,QuickSort,4.08097,
small_list/sorted_largest_smallest/sorted_11.txt,QuickSort,4.173151,
small_list/sorted_largest_smallest/sorted_2.txt,QuickSort,4.56903,
small_list/sorted_largest_smallest/sorted_18.txt,QuickSort,4.205544,
small_list/sorted_largest_smallest/sorted_23.txt,QuickSort,4.975409,
small_list/sorted_largest_smallest/sorted_14.txt,QuickSort,4.404443,
small_list/sorted_largest_smallest/sorted_9.txt,QuickSort,4.72177,
small_list/sorted_largest_smallest/sorted_10.txt,QuickSort,4.233685,
small_list/sorted_largest_smallest/sorted_27.txt,QuickSort,4.105279,
small_list/sorted_largest_smallest/sorted_19.txt,QuickSort,4.085317,
small_list/sorted_largest_smallest/sorted_22.txt,QuickSort,5.820377,
small_list/sorted_largest_smallest/sorted_3.txt,QuickSort,4.399761,
small_list/sorted_largest_smallest/sorted_15.txt,QuickSort,4.842064,
small_list/sorted_largest_smallest/sorted_8.txt,QuickSort,5.121316,
small_list/sorted_largest_smallest/sorted_26.txt,QuickSort,4.337985,
medium_list/unsorted/unsorted_23.txt,QuickSort,2.669424,
medium_list/unsorted/unsorted_3.txt,QuickSort,2.481782,
medium_list/unsorted/unsorted_15.txt,QuickSort,2.300811,
medium_list/unsorted/unsorted_11.txt,QuickSort,2.386315,
medium_list/unsorted/unsorted_7.txt,QuickSort,2.286484,
medium_list/unsorted/unsorted_27.txt,QuickSort,2.360521,
medium_list/unsorted/unsorted_18.txt,QuickSort,2.678423,
medium_list/unsorted/unsorted_20.txt,QuickSort,2.386164,
medium_list/unsorted/unsorted_4.txt,QuickSort,2.344462,
medium_list/unsorted/unsorted_24.txt,QuickSort,2.21893,
medium_list/unsorted/unsorted_12.txt,QuickSort,2.402662,
medium_list/unsorted/unsorted_30.txt,QuickSort,2.243319,
medium_list/unsorted/unsorted_9.txt,QuickSort,2.209107,
medium_list/unsorted/unsorted_28.txt,QuickSort,2.259273,
medium_list/unsorted/unsorted_17.txt,QuickSort,2.243433,
medium_list/unsorted/unsorted_5.txt,QuickSort,2.235185,
medium_list/unsorted/unsorted_25.txt,QuickSort,2.216146,
medium_list/unsorted/unsorted_13.txt,QuickSort,2.264506,
medium_list/unsorted/unsorted_8.txt,QuickSort,2.171977,
medium_list/unsorted/unsorted_16.txt,QuickSort,2.329539,
medium_list/unsorted/unsorted_29.txt,QuickSort,2.353793,
medium_list/unsorted/unsorted_1.txt,QuickSort,2.219926,
medium_list/unsorted/unsorted_22.txt,QuickSort,2.304873,
medium_list/unsorted/unsorted_14.txt,QuickSort,2.482233,
medium_list/unsorted/unsorted_6.txt,QuickSort,2.220685,
medium_list/unsorted/unsorted_26.txt,QuickSort,2.220257,
medium_list/unsorted/unsorted_10.txt,QuickSort,2.260516,
medium_list/unsorted/unsorted_19.txt,QuickSort,2.278593,
medium_list/unsorted/unsorted_2.txt,QuickSort,2.718369,
medium_list/unsorted/unsorted_21.txt,QuickSort,2.289707,
medium_list/sorted_smallest_largest/sorted_22.txt,QuickSort,5.734948,
medium_list/sorted_smallest_largest/sorted_14.txt,QuickSort,6.221073,
medium_list/sorted_smallest_largest/sorted_4.txt,QuickSort,5.88476,
medium_list/sorted_smallest_largest/sorted_29.txt,QuickSort,6.063566,
medium_list/sorted_smallest_largest/sorted_8.txt,QuickSort,6.003692,
medium_list/sorted_smallest_largest/sorted_17.txt,QuickSort,5.873292,
medium_list/sorted_smallest_largest/sorted_10.txt,QuickSort,5.732135,
medium_list/sorted_smallest_largest/sorted_1.txt,QuickSort,6.344317,
medium_list/sorted_smallest_largest/sorted_25.txt,QuickSort,6.013131,
medium_list/sorted_smallest_largest/sorted_13.txt,QuickSort,6.551834,
medium_list/sorted_smallest_largest/sorted_28.txt,QuickSort,5.644891,
medium_list/sorted_smallest_largest/sorted_5.txt,QuickSort,5.858176,
medium_list/sorted_smallest_largest/sorted_18.txt,QuickSort,5.764247,
medium_list/sorted_smallest_largest/sorted_30.txt,QuickSort,5.769738,
medium_list/sorted_smallest_largest/sorted_24.txt,QuickSort,5.95909,
medium_list/sorted_smallest_largest/sorted_9.txt,QuickSort,5.886782,
medium_list/sorted_smallest_largest/sorted_2.txt,QuickSort,5.503705,
medium_list/sorted_smallest_largest/sorted_16.txt,QuickSort,5.52828,
medium_list/sorted_smallest_largest/sorted_20.txt,QuickSort,6.361657,
medium_list/sorted_smallest_largest/sorted_6.txt,QuickSort,6.372885,
medium_list/sorted_smallest_largest/sorted_27.txt,QuickSort,7.21139,
medium_list/sorted_smallest_largest/sorted_23.txt,QuickSort,5.823726,
medium_list/sorted_smallest_largest/sorted_19.txt,QuickSort,5.559189,
medium_list/sorted_smallest_largest/sorted_12.txt,QuickSort,5.44423,
medium_list/sorted_smallest_largest/sorted_21.txt,QuickSort,5.818532,
medium_list/sorted_smallest_largest/sorted_3.txt,QuickSort,5.659758,
medium_list/sorted_smallest_largest/sorted_15.txt,QuickSort,5.424432,
medium_list/sorted_smallest_largest/sorted_7.txt,QuickSort,6.48267,
medium_list/sorted_smallest_largest/sorted_26.txt,QuickSort,5.823454,
medium_list/sorted_smallest_largest/sorted_11.txt,QuickSort,6.04159,
medium_list/sorted_largest_smallest/sorted_5.txt,QuickSort,4.465278,
medium_list/sorted_largest_smallest/sorted_11.txt,QuickSort,4.787732,
medium_list/sorted_largest_smallest/sorted_23.txt,QuickSort,5.266512,
medium_list/sorted_largest_smallest/sorted_26.txt,QuickSort,4.294145,
medium_list/sorted_largest_smallest/sorted_15.txt,QuickSort,4.243525,
medium_list/sorted_largest_smallest/sorted_1.txt,QuickSort,4.642734,
medium_list/sorted_largest_smallest/sorted_8.txt,QuickSort,4.195044,
medium_list/sorted_largest_smallest/sorted_22.txt,QuickSort,4.374032,
medium_list/sorted_largest_smallest/sorted_12.txt,QuickSort,4.222281,
medium_list/sorted_largest_smallest/sorted_4.txt,QuickSort,4.464979,
medium_list/sorted_largest_smallest/sorted_27.txt,QuickSort,4.096837,
medium_list/sorted_largest_smallest/sorted_9.txt,QuickSort,4.260883,
medium_list/sorted_largest_smallest/sorted_16.txt,QuickSort,4.742132,
medium_list/sorted_largest_smallest/sorted_13.txt,QuickSort,4.364178,
medium_list/sorted_largest_smallest/sorted_7.txt,QuickSort,4.592008,
medium_list/sorted_largest_smallest/sorted_21.txt,QuickSort,4.127076,
medium_list/sorted_largest_smallest/sorted_25.txt,QuickSort,4.312791,
medium_list/sorted_largest_smallest/sorted_17.txt,QuickSort,4.357179,
medium_list/sorted_largest_smallest/sorted_3.txt,QuickSort,4.239568,
medium_list/sorted_largest_smallest/sorted_28.txt,QuickSort,4.397822,
medium_list/sorted_largest_smallest/sorted_30.txt,QuickSort,4.221615,
medium_list/sorted_largest_smallest/sorted_6.txt,QuickSort,4.334969,
medium_list/sorted_largest_smallest/sorted_14.txt,QuickSort,4.26078,
medium_list/sorted_largest_smallest/sorted_24.txt,QuickSort,4.069869,
medium_list/sorted_largest_smallest/sorted_10.txt,QuickSort,4.33033,
medium_list/sorted_largest_smallest/sorted_19.txt,QuickSort,4.498166,
medium_list/sorted_largest_smallest/sorted_2.txt,QuickSort,4.43487,
medium_list/sorted_largest_smallest/sorted_18.txt,QuickSort,4.598089,
medium_list/sorted_largest_smallest/sorted_20.txt,QuickSort,4.176531,
medium_list/sorted_largest_smallest/sorted_29.txt,QuickSort,4.349499,
large_list/unsorted/unsorted_29.txt,QuickSort,2.331997,
large_list/unsorted/unsorted_10.txt,QuickSort,2.520513,
large_list/unsorted/unsorted_14.txt,QuickSort,2.254226,
large_list/unsorted/unsorted_3.txt,QuickSort,2.331513,
large_list/unsorted/unsorted_30.txt,QuickSort,2.229262,
large_list/unsorted/unsorted_6.txt,QuickSort,2.228575,
large_list/unsorted/unsorted_22.txt,QuickSort,2.277275,
large_list/unsorted/unsorted_18.txt,QuickSort,2.517797,
large_list/unsorted/unsorted_11.txt,QuickSort,2.274726,
large_list/unsorted/unsorted_2.txt,QuickSort,2.214128,
large_list/unsorted/unsorted_26.txt,QuickSort,2.337007,
large_list/unsorted/unsorted_25.txt,QuickSort,2.348588,
large_list/unsorted/unsorted_15.txt,QuickSort,2.28512,
large_list/unsorted/unsorted_19.txt,QuickSort,2.364792,
large_list/unsorted/unsorted_7.txt,QuickSort,2.712141,
large_list/unsorted/unsorted_21.txt,QuickSort,4.146989,
large_list/unsorted/unsorted_20.txt,QuickSort,2.282778,
large_list/unsorted/unsorted_12.txt,QuickSort,2.320044,
large_list/unsorted/unsorted_5.txt,QuickSort,2.784969,
large_list/unsorted/unsorted_27.txt,QuickSort,2.13803,
large_list/unsorted/unsorted_8.txt,QuickSort,2.489958,
large_list/unsorted/unsorted_16.txt,QuickSort,2.236983,
large_list/unsorted/unsorted_24.txt,QuickSort,2.484108,
large_list/unsorted/unsorted_1.txt,QuickSort,2.435644,
large_list/unsorted/unsorted_4.txt,QuickSort,2.340276,
large_list/unsorted/unsorted_28.txt,QuickSort,2.162381,
large_list/unsorted/unsorted_13.txt,QuickSort,2.243624,
large_list/unsorted/unsorted_9.txt,QuickSort,2.334368,
large_list/unsorted/unsorted_23.txt,QuickSort,2.369732,
large_list/unsorted/unsorted_17.txt,QuickSort,2.381852,
large_list/sorted_smallest_largest/sorted_16.txt,QuickSort,6.065144,
large_list/sorted_smallest_largest/sorted_20.txt,QuickSort,6.03481,
large_list/sorted_smallest_largest/sorted_27.txt,QuickSort,5.793723,
large_list/sorted_smallest_largest/sorted_19.txt,QuickSort,6.064032,
large_list/sorted_smallest_largest/sorted_12.txt,QuickSort,6.229962,
large_list/sorted_smallest_largest/sorted_6.txt,QuickSort,6.524526,
large_list/sorted_smallest_largest/sorted_7.txt,QuickSort,5.500382,
large_list/sorted_smallest_largest/sorted_21.txt,QuickSort,5.692274,
large_list/sorted_smallest_largest/sorted_15.txt,QuickSort,6.010309,
large_list/sorted_smallest_largest/sorted_2.txt,QuickSort,5.938653,
large_list/sorted_smallest_largest/sorted_3.txt,QuickSort,5.986313,
large_list/sorted_smallest_largest/sorted_26.txt,QuickSort,6.376425,
large_list/sorted_smallest_largest/sorted_11.txt,QuickSort,5.465886,
large_list/sorted_smallest_largest/sorted_8.txt,QuickSort,5.58748,
large_list/sorted_smallest_largest/sorted_14.txt,QuickSort,6.149469,
large_list/sorted_smallest_largest/sorted_30.txt,QuickSort,5.508785,
large_list/sorted_smallest_largest/sorted_22.txt,QuickSort,5.836578,
large_list/sorted_smallest_largest/sorted_29.txt,QuickSort,8.453277,
large_list/sorted_smallest_largest/sorted_1.txt,QuickSort,5.568993,
large_list/sorted_smallest_largest/sorted_10.txt,QuickSort,5.64444,
large_list/sorted_smallest_largest/sorted_4.txt,QuickSort,5.833852,
large_list/sorted_smallest_largest/sorted_25.txt,QuickSort,5.675534,
large_list/sorted_smallest_largest/sorted_23.txt,QuickSort,5.396236,
large_list/sorted_smallest_largest/sorted_9.txt,QuickSort,5.909338,
large_list/sorted_smallest_largest/sorted_13.txt,QuickSort,5.612845,
large_list/sorted_smallest_largest/sorted_17.txt,QuickSort,5.535002,
large_list/sorted_smallest_largest/sorted_28.txt,QuickSort,10.21481,
large_list/sorted_smallest_largest/sorted_18.txt,QuickSort,5.665213,
large_list/sorted_smallest_largest/sorted_5.txt,QuickSort,6.022665,
large_list/sorted_smallest_largest/sorted_24.txt,QuickSort,5.485244,
large_list/sorted_largest_smallest/sorted_4.txt,QuickSort,4.313735,
large_list/sorted_largest_smallest/sorted_13.txt,QuickSort,4.4818,
large_list/sorted_largest_smallest/sorted_25.txt,QuickSort,4.845496,
large_list/sorted_largest_smallest/sorted_8.txt,QuickSort,4.402259,
large_list/sorted_largest_smallest/sorted_10.txt,QuickSort,4.330616,
large_list/sorted_largest_smallest/sorted_17.txt,QuickSort,4.641014,
large_list/sorted_largest_smallest/sorted_21.txt,QuickSort,4.320939,
large_list/sorted_largest_smallest/sorted_28.txt,QuickSort,4.438442,
large_list/sorted_largest_smallest/sorted_3.txt,QuickSort,4.405081,
large_list/sorted_largest_smallest/sorted_14.txt,QuickSort,4.699888,
large_list/sorted_largest_smallest/sorted_30.txt,QuickSort,4.164122,
large_list/sorted_largest_smallest/sorted_24.txt,QuickSort,4.383025,
large_list/sorted_largest_smallest/sorted_7.txt,QuickSort,4.281501,
large_list/sorted_largest_smallest/sorted_18.txt,QuickSort,4.76369,
large_list/sorted_largest_smallest/sorted_20.txt,QuickSort,4.414347,
large_list/sorted_largest_smallest/sorted_29.txt,QuickSort,4.326529,
large_list/sorted_largest_smallest/sorted_23.txt,QuickSort,4.118677,
large_list/sorted_largest_smallest/sorted_2.txt,QuickSort,4.532042,
large_list/sorted_largest_smallest/sorted_11.txt,QuickSort,4.451284,
large_list/sorted_largest_smallest/sorted_19.txt,QuickSort,4.408077,
large_list/sorted_largest_smallest/sorted_26.txt,QuickSort,4.530182,
large_list/sorted_largest_smallest/sorted_6.txt,QuickSort,4.401463,
large_list/sorted_largest_smallest/sorted_15.txt,QuickSort,4.407459,
large_list/sorted_largest_smallest/sorted_1.txt,QuickSort,4.067193,
large_list/sorted_largest_smallest/sorted_22.txt,QuickSort,4.095197,
large_list/sorted_largest_smallest/sorted_12.txt,QuickSort,4.084499,
large_list/sorted_largest_smallest/sorted_27.txt,QuickSort,4.417317,
large_list/sorted_largest_smallest/sorted_9.txt,QuickSort,4.661158,
large_list/sorted_largest_smallest/sorted_5.txt,QuickSort,4.215225,
large_list/sorted_largest_smallest/sorted_16.txt,QuickSort,4.225727,
small_list/unsorted/unsorted_6.txt,MergeSort,0.811567,
small_list/unsorted/unsorted_28.txt,MergeSort,0.525335,
small_list/unsorted/unsorted_21.txt,MergeSort,0.530358,
small_list/unsorted/unsorted_16.txt,MergeSort,0.557153,
small_list/unsorted/unsorted_12.txt,MergeSort,0.53929,
small_list/unsorted/unsorted_20.txt,MergeSort,0.568788,
small_list/unsorted/unsorted_25.txt,MergeSort,0.536359,
small_list/unsorted/unsorted_3.txt,MergeSort,0.520051,
small_list/unsorted/unsorted_7.txt,MergeSort,0.624316,
small_list/unsorted/unsorted_10.txt,MergeSort,0.521763,
small_list/unsorted/unsorted_19.txt,MergeSort,0.511633,
small_list/unsorted/unsorted_22.txt,MergeSort,0.500593,
small_list/unsorted/unsorted_2.txt,MergeSort,0.638902,
small_list/unsorted/unsorted_15.txt,MergeSort,0.516302,
small_list/unsorted/unsorted_26.txt,MergeSort,0.532714,
small_list/unsorted/unsorted_11.txt,MergeSort,0.520684,
small_list/unsorted/unsorted_8.txt,MergeSort,0.528764,
small_list/unsorted/unsorted_18.txt,MergeSort,0.533421,
small_list/unsorted/unsorted_23.txt,MergeSort,0.58588,
small_list/unsorted/unsorted_1.txt,MergeSort,0.585342,
small_list/unsorted/unsorted_14.txt,MergeSort,0.529943,
small_list/unsorted/unsorted_27.txt,MergeSort,0.498341,
small_list/unsorted/unsorted_29.txt,MergeSort,0.498756,
small_list/unsorted/unsorted_5.txt,MergeSort,0.50329,
small_list/unsorted/unsorted_9.txt,MergeSort,0.498989,
small_list/unsorted/unsorted_17.txt,MergeSort,0.532391,
small_list/unsorted/unsorted_24.txt,MergeSort,0.53019,
small_list/unsorted/unsorted_30.txt,MergeSort,0.515398,
small_list/unsorted/unsorted_4.txt,MergeSort,0.550729,
small_list/unsorted/unsorted_13.txt,MergeSort,0.512831,
small_list/sorted_smallest_largest/sorted_19.txt,MergeSort,18.969078,
small_list/sorted_smallest_largest/sorted_27.txt,MergeSort,0.646609,
small_list/sorted_smallest_largest/sorted_12.txt,MergeSort,0.566186,
small_list/sorted_smallest_largest/sorted_3.txt,MergeSort,0.530284,
small_list/sorted_smallest_largest/sorted_16.txt,MergeSort,0.687463,
small_list/sorted_smallest_largest/sorted_24.txt,MergeSort,0.575671,
small_list/sorted_smallest_largest/sorted_20.txt,MergeSort,0.606302,
small_list/sorted_smallest_largest/sorted_7.txt,MergeSort,0.557879,
small_list/sorted_smallest_largest/sorted_11.txt,MergeSort,0.545686,
small_list/sorted_smallest_largest/sorted_2.txt,MergeSort,0.655706,
small_list/sorted_smallest_largest/sorted_26.txt,MergeSort,0.516822,
small_list/sorted_smallest_largest/sorted_6.txt,MergeSort,0.532275,
small_list/sorted_smallest_largest/sorted_15.txt,MergeSort,0.49951,
small_list/sorted_smallest_largest/sorted_21.txt,MergeSort,0.577459,
small_list/sorted_smallest_largest/sorted_1.txt,MergeSort,0.506333,
small_list/sorted_smallest_largest/sorted_10.txt,MergeSort,0.50254,
small_list/sorted_smallest_largest/sorted_29.txt,MergeSort,0.55489,
small_list/sorted_smallest_largest/sorted_25.txt,MergeSort,0.500976,
small_list/sorted_smallest_largest/sorted_30.txt,MergeSort,0.502081,
small_list/sorted_smallest_largest/sorted_5.txt,MergeSort,0.51675,
small_list/sorted_smallest_largest/sorted_14.txt,MergeSort,0.518409,
small_list/sorted_smallest_largest/sorted_18.txt,MergeSort,0.515446,
small_list/sorted_smallest_largest/sorted_22.txt,MergeSort,0.52323,
small_list/sorted_smallest_largest/sorted_9.txt,MergeSort,0.705916,
small_list/sorted_smallest_largest/sorted_28.txt,MergeSort,0.498123,
small_list/sorted_smallest_largest/sorted_13.txt,MergeSort,0.536141,
small_list/sorted_smallest_largest/sorted_23.txt,MergeSort,0.544654,
small_list/sorted_smallest_largest/sorted_4.txt,MergeSort,0.513798,
small_list/sorted_smallest_largest/sorted_8.txt,MergeSort,0.623665,
small_list/sorted_smallest_largest/sorted_17.txt,MergeSort,0.532149,
small_list/sorted_largest_smallest/sorted_4.txt,MergeSort,0.546894,
small_list/sorted_largest_smallest/sorted_28.txt,MergeSort,0.538775,
small_list/sorted_largest_smallest/sorted_21.txt,MergeSort,0.578235,
small_list/sorted_largest_smallest/sorted_16.txt,MergeSort,0.516742,
small_list/sorted_largest_smallest/sorted_25.txt,MergeSort,0.524116,
small_list/sorted_largest_smallest/sorted_12.txt,MergeSort,0.523893,
small_list/sorted_largest_smallest/sorted_7.txt,MergeSort,0.530013,
small_list/sorted_largest_smallest/sorted_29.txt,MergeSort,0.525834,
small_list/sorted_largest_smallest/sorted_20.txt,MergeSort,0.569677,
small_list/sorted_largest_smallest/sorted_5.txt,MergeSort,0.50018,
small_list/sorted_largest_smallest/sorted_17.txt,MergeSort,0.565353,
small_list/sorted_largest_smallest/sorted_1.txt,MergeSort,0.515356,
small_list/sorted_largest_smallest/sorted_24.txt,MergeSort,0.498456,
small_list/sorted_largest_smallest/sorted_30.txt,MergeSort,0.576102,
small_list/sorted_largest_smallest/sorted_13.txt,MergeSort,0.53085,
small_list/sorted_largest_smallest/sorted_6.txt,MergeSort,0.523875,
small_list/sorted_largest_smallest/sorted_11.txt,MergeSort,0.498555,
small_list/sorted_largest_smallest/sorted_2.txt,MergeSort,0.533934,
small_list/sorted_largest_smallest/sorted_18.txt,MergeSort,0.523359,
small_list/sorted_largest_smallest/sorted_23.txt,MergeSort,0.560464,
small_list/sorted_largest_smallest/sorted_14.txt,MergeSort,0.610183,
small_list/sorted_largest_smallest/sorted_9.txt,MergeSort,0.519647,
small_list/sorted_largest_smallest/sorted_10.txt,MergeSort,0.538186,
small_list/sorted_largest_smallest/sorted_27.txt,MergeSort,0.523304,
small_list/sorted_largest_smallest/sorted_19.txt,MergeSort,0.497874,
small_list/sorted_largest_smallest/sorted_22.txt,MergeSort,0.740484,
small_list/sorted_largest_smallest/sorted_3.txt,MergeSort,0.569624,
small_list/sorted_largest_smallest/sorted_15.txt,MergeSort,0.538041,
small_list/sorted_largest_smallest/sorted_8.txt,MergeSort,0.512992,
small_list/sorted_largest_smallest/sorted_26.txt,MergeSort,0.635476,
medium_list/unsorted/unsorted_23.txt,MergeSort,0.866032,
medium_list/unsorted/unsorted_3.txt,MergeSort,0.556592,
medium_list/unsorted/unsorted_15.txt,MergeSort,0.513191,
medium_list/unsorted/unsorted_11.txt,MergeSort,0.514971,
medium_list/unsorted/unsorted_7.txt,MergeSort,0.523329,
medium_list/unsorted/unsorted_27.txt,MergeSort,0.550652,
medium_list/unsorted/unsorted_18.txt,MergeSort,0.629248,
medium_list/unsorted/unsorted_20.txt,MergeSort,0.747294,
medium_list/unsorted/unsorted_4.txt,MergeSort,0.538913,
medium_list/unsorted/unsorted_24.txt,MergeSort,0.53092,
medium_list/unsorted/unsorted_12.txt,MergeSort,0.531044,
medium_list/unsorted/unsorted_30.txt,MergeSort,0.519794,
medium_list/unsorted/unsorted_9.txt,MergeSort,0.497145,
medium_list/unsorted/unsorted_28.txt,MergeSort,0.502278,
medium_list/unsorted/unsorted_17.txt,MergeSort,0.520854,
medium_list/unsorted/unsorted_5.txt,MergeSort,0.524757,
medium_list/unsorted/unsorted_25.txt,MergeSort,0.500407,
medium_list/unsorted/unsorted_13.txt,MergeSort,0.532065,
medium_list/unsorted/unsorted_8.txt,MergeSort,0.550417,
medium_list/unsorted/unsorted_16.txt,MergeSort,0.499023,
medium_list/unsorted/unsorted_29.txt,MergeSort,0.544608,
medium_list/unsorted/unsorted_1.txt,MergeSort,0.502887,
medium_list/unsorted/unsorted_22.txt,MergeSort,0.54347,
medium_list/unsorted/unsorted_14.txt,MergeSort,0.538564,
medium_list/unsorted/unsorted_6.txt,MergeSort,0.504015,
medium_list/unsorted/unsorted_26.txt,MergeSort,0.499555,
medium_list/unsorted/unsorted_10.txt,MergeSort,0.514618,
medium_list/unsorted/unsorted_19.txt,MergeSort,0.499784,
medium_list/unsorted/unsorted_2.txt,MergeSort,0.515243,
medium_list/unsorted/unsorted_21.txt,MergeSort,0.536468,
medium_list/sorted_smallest_largest/sorted_22.txt,MergeSort,0.528443,
medium_list/sorted_smallest_largest/sorted_14.txt,MergeSort,0.512145,
medium_list/sorted_smallest_largest/sorted_4.txt,MergeSort,0.531252,
medium_list/sorted_smallest_largest/sorted_29.txt,MergeSort,0.563365,
medium_list/sorted_smallest_largest/sorted_8.txt,MergeSort,0.637654,
medium_list/sorted_smallest_largest/sorted_17.txt,MergeSort,0.516435,
medium_list/sorted_smallest_largest/sorted_10.txt,MergeSort,0.650782,
medium_list/sorted_smallest_largest/sorted_1.txt,MergeSort,0.521986,
medium_list/sorted_smallest_largest/sorted_25.txt,MergeSort,0.563252,
medium_list/sorted_smallest_largest/sorted_13.txt,MergeSort,0.528793,
medium_list/sorted_smallest_largest/sorted_28.txt,MergeSort,0.528337,
medium_list/sorted_smallest_largest/sorted_5.txt,MergeSort,0.52632,
medium_list/sorted_smallest_largest/sorted_18.txt,MergeSort,3.667696,
medium_list/sorted_smallest_largest/sorted_30.txt,MergeSort,0.516635,
medium_list/sorted_smallest_largest/sorted_24.txt,MergeSort,0.565819,
medium_list/sorted_smallest_largest/sorted_9.txt,MergeSort,0.537985,
medium_list/sorted_smallest_largest/sorted_2.txt,MergeSort,0.524573,
medium_list/sorted_smallest_largest/sorted_16.txt,MergeSort,0.53235,
medium_list/sorted_smallest_largest/sorted_20.txt,MergeSort,0.622106,
medium_list/sorted_smallest_largest/sorted_6.txt,MergeSort,0.557972,
medium_list/sorted_smallest_largest/sorted_27.txt,MergeSort,0.602861,
medium_list/sorted_smallest_largest/sorted_23.txt,MergeSort,0.503219,
medium_list/sorted_smallest_largest/sorted_19.txt,MergeSort,0.525703,
medium_list/sorted_smallest_largest/sorted_12.txt,MergeSort,0.499225,
medium_list/sorted_smallest_largest/sorted_21.txt,MergeSort,0.519742,
medium_list/sorted_smallest_largest/sorted_3.txt,MergeSort,0.499416,
medium_list/sorted_smallest_largest/sorted_15.txt,MergeSort,0.518359,
medium_list/sorted_smallest_largest/sorted_7.txt,MergeSort,0.570162,
medium_list/sorted_smallest_largest/sorted_26.txt,MergeSort,0.514129,
medium_list/sorted_smallest_largest/sorted_11.txt,MergeSort,0.50484,
medium_list/sorted_largest_smallest/sorted_5.txt,MergeSort,0.536039,
medium_list/sorted_largest_smallest/sorted_11.txt,MergeSort,0.658834,
medium_list/sorted_largest_smallest/sorted_23.txt,MergeSort,0.514125,
medium_list/sorted_largest_smallest/sorted_26.txt,MergeSort,0.569443,
medium_list/sorted_largest_smallest/sorted_15.txt,MergeSort,0.621435,
medium_list/sorted_largest_smallest/sorted_1.txt,MergeSort,0.550442,
medium_list/sorted_largest_smallest/sorted_8.txt,MergeSort,0.563458,
medium_list/sorted_largest_smallest/sorted_22.txt,MergeSort,0.584023,
medium_list/sorted_largest_smallest/sorted_12.txt,MergeSort,0.513059,
medium_list/sorted_largest_smallest/sorted_4.txt,MergeSort,0.512723,
medium_list/sorted_largest_smallest/sorted_27.txt,MergeSort,0.547857,
medium_list/sorted_largest_smallest/sorted_9.txt,MergeSort,0.511768,
medium_list/sorted_largest_smallest/sorted_16.txt,MergeSort,0.506776,
medium_list/sorted_largest_smallest/sorted_13.txt,MergeSort,0.521717,
medium_list/sorted_largest_smallest/sorted_7.txt,MergeSort,0.53308,
medium_list/sorted_largest_smallest/sorted_21.txt,MergeSort,0.514436,
medium_list/sorted_largest_smallest/sorted_25.txt,MergeSort,0.534864,
medium_list/sorted_largest_smallest/sorted_17.txt,MergeSort,0.497395,
medium_list/sorted_largest_smallest/sorted_3.txt,MergeSort,0.521169,
medium_list/sorted_largest_smallest/sorted_28.txt,MergeSort,0.524165,
medium_list/sorted_largest_smallest/sorted_30.txt,MergeSort,0.504613,
medium_list/sorted_largest_smallest/sorted_6.txt,MergeSort,0.531958,
medium_list/sorted_largest_smallest/sorted_14.txt,MergeSort,0.524714,
medium_list/sorted_largest_smallest/sorted_24.txt,MergeSort,0.500377,
medium_list/sorted_largest_smallest/sorted_10.txt,MergeSort,0.528926,
medium_list/sorted_largest_smallest/sorted_19.txt,MergeSort,0.516718,
medium_list/sorted_largest_smallest/sorted_2.txt,MergeSort,0.51604,
medium_list/sorted_largest_smallest/sorted_18.txt,MergeSort,0.52693,
medium_list/sorted_largest_smallest/sorted_20.txt,MergeSort,0.567552,
medium_list/sorted_largest_smallest/sorted_29.txt,MergeSort,0.533916,
large_list/unsorted/unsorted_29.txt,MergeSort,0.55031,
large_list/unsorted/unsorted_10.txt,MergeSort,0.512677,
large_list/unsorted/unsorted_14.txt,MergeSort,0.632671,
large_list/unsorted/unsorted_3.txt,MergeSort,0.591097,
large_list/unsorted/unsorted_30.txt,MergeSort,0.529584,
large_list/unsorted/unsorted_6.txt,MergeSort,0.619059,
large_list/unsorted/unsorted_22.txt,MergeSort,0.515334,
large_list/unsorted/unsorted_18.txt,MergeSort,0.601697,
large_list/unsorted/unsorted_11.txt,MergeSort,0.501994,
large_list/unsorted/unsorted_2.txt,MergeSort,0.531335,
large_list/unsorted/unsorted_26.txt,MergeSort,0.497044,
large_list/unsorted/unsorted_25.txt,MergeSort,0.514684,
large_list/unsorted/unsorted_15.txt,MergeSort,0.558592,
large_list/unsorted/unsorted_19.txt,MergeSort,0.564483,
large_list/unsorted/unsorted_7.txt,MergeSort,0.514872,
large_list/unsorted/unsorted_21.txt,MergeSort,0.627044,
large_list/unsorted/unsorted_20.txt,MergeSort,0.499858,
large_list/unsorted/unsorted_12.txt,MergeSort,0.515544,
large_list/unsorted/unsorted_5.txt,MergeSort,0.553677,
large_list/unsorted/unsorted_27.txt,MergeSort,0.532091,
large_list/unsorted/unsorted_8.txt,MergeSort,0.541083,
large_list/unsorted/unsorted_16.txt,MergeSort,0.585115,
large_list/unsorted/unsorted_24.txt,MergeSort,0.544004,
large_list/unsorted/unsorted_1.txt,MergeSort,0.540075,
large_list/unsorted/unsorted_4.txt,MergeSort,0.531215,
large_list/unsorted/unsorted_28.txt,MergeSort,0.499455,
large_list/unsorted/unsorted_13.txt,MergeSort,0.498634,
large_list/unsorted/unsorted_9.txt,MergeSort,0.514537,
large_list/unsorted/unsorted_23.txt,MergeSort,0.500358,
large_list/unsorted/unsorted_17.txt,MergeSort,0.52943,
large_list/sorted_smallest_largest/sorted_16.txt,MergeSort,0.519411,
large_list/sorted_smallest_largest/sorted_20.txt,MergeSort,0.520106,
large_list/sorted_smallest_largest/sorted_27.txt,MergeSort,0.627498,
large_list/sorted_smallest_largest/sorted_19.txt,MergeSort,0.518315,
large_list/sorted_smallest_largest/sorted_12.txt,MergeSort,0.619769,
large_list/sorted_smallest_largest/sorted_6.txt,MergeSort,0.515596,
large_list/sorted_smallest_largest/sorted_7.txt,MergeSort,0.527411,
large_list/sorted_smallest_largest/sorted_21.txt,MergeSort,0.562262,
large_list/sorted_smallest_largest/sorted_15.txt,MergeSort,0.544006,
large_list/sorted_smallest_largest/sorted_2.txt,MergeSort,0.569232,
large_list/sorted_smallest_largest/sorted_3.txt,MergeSort,0.518969,
large_list/sorted_smallest_largest/sorted_26.txt,MergeSort,0.56212,
large_list/sorted_smallest_largest/sorted_11.txt,MergeSort,0.500347,
large_list/sorted_smallest_largest/sorted_8.txt,MergeSort,0.527805,
large_list/sorted_smallest_largest/sorted_14.txt,MergeSort,0.511121,
large_list/sorted_smallest_largest/sorted_30.txt,MergeSort,0.499238,
large_list/sorted_smallest_largest/sorted_22.txt,MergeSort,0.652471,
large_list/sorted_smallest_largest/sorted_29.txt,MergeSort,0.584466,
large_list/sorted_smallest_largest/sorted_1.txt,MergeSort,0.500805,
large_list/sorted_smallest_largest/sorted_10.txt,MergeSort,0.582977,
large_list/sorted_smallest_largest/sorted_4.txt,MergeSort,0.519534,
large_list/sorted_smallest_largest/sorted_25.txt,MergeSort,0.512674,
large_list/sorted_smallest_largest/sorted_23.txt,MergeSort,0.500053,
large_list/sorted_smallest_largest/sorted_9.txt,MergeSort,0.537502,
large_list/sorted_smallest_largest/sorted_13.txt,MergeSort,0.511128,
large_list/sorted_smallest_largest/sorted_17.txt,MergeSort,0.521053,
large_list/sorted_smallest_largest/sorted_28.txt,MergeSort,0.543041,
large_list/sorted_smallest_largest/sorted_18.txt,MergeSort,0.58871,
large_list/sorted_smallest_largest/sorted_5.txt,MergeSort,0.582356,
large_list/sorted_smallest_largest/sorted_24.txt,MergeSort,0.50011,
large_list/sorted_largest_smallest/sorted_4.txt,MergeSort,0.636514,
large_list/sorted_largest_smallest/sorted_13.txt,MergeSort,0.528933,
large_list/sorted_largest_smallest/sorted_25.txt,MergeSort,0.615837,
large_list/sorted_largest_smallest/sorted_8.txt,MergeSort,0.579806,
large_list/sorted_largest_smallest/sorted_10.txt,MergeSort,0.543311,
large_list/sorted_largest_smallest/sorted_17.txt,MergeSort,0.597238,
large_list/sorted_largest_smallest/sorted_21.txt,MergeSort,0.646988,
large_list/sorted_largest_smallest/sorted_28.txt,MergeSort,0.550723,
large_list/sorted_largest_smallest/sorted_3.txt,MergeSort,0.556485,
large_list/sorted_largest_smallest/sorted_14.txt,MergeSort,0.506869,
large_list/sorted_largest_smallest/sorted_30.txt,MergeSort,0.503302,
large_list/sorted_largest_smallest/sorted_24.txt,MergeSort,0.511173,
large_list/sorted_largest_smallest/sorted_7.txt,MergeSort,0.576335,
large_list/sorted_largest_smallest/sorted_18.txt,MergeSort,0.688476,
large_list/sorted_largest_smallest/sorted_20.txt,MergeSort,0.573699,
large_list/sorted_largest_smallest/sorted_29.txt,MergeSort,0.536634,
large_list/sorted_largest_smallest/sorted_23.txt,MergeSort,0.503167,
large_list/sorted_largest_smallest/sorted_2.txt,MergeSort,0.537067,
large_list/sorted_largest_smallest/sorted_11.txt,MergeSort,0.680896,
large_list/sorted_largest_smallest/sorted_19.txt,MergeSort,0.497313,
large_list/sorted_largest_smallest/sorted_26.txt,MergeSort,0.516981,
large_list/sorted_largest_smallest/sorted_6.txt,MergeSort,0.581604,
large_list/sorted_largest_smallest/sorted_15.txt,MergeSort,0.52833,
large_list/sorted_largest_smallest/sorted_1.txt,MergeSort,0.500899,
large_list/sorted_largest_smallest/sorted_22.txt,MergeSort,0.507936,
large_list/sorted_largest_smallest/sorted_12.txt,MergeSort,0.519697,
large_list/sorted_largest_smallest/sorted_27.txt,MergeSort,0.498206,
large_list/sorted_largest_smallest/sorted_9.txt,MergeSort,0.498373,
large_list/sorted_largest_smallest/sorted_5.txt,MergeSort,0.575209,
large_list/sorted_largest_smallest/sorted_16.txt,MergeSort,0.515826,
small_list/unsorted/unsorted_6.txt,HeapSort,120.095561,
small_list/unsorted/unsorted_28.txt,HeapSort,104.634284,
small_list/unsorted/unsorted_21.txt,HeapSort,119.394126,
small_list/unsorted/unsorted_16.txt,HeapSort,126.097112,
small_list/unsorted/unsorted_12.txt,HeapSort,104.184081,
small_list/unsorted/unsorted_20.txt,HeapSort,101.6552,
small_list/unsorted/unsorted_25.txt,HeapSort,110.091437,
small_list/unsorted/unsorted_3.txt,HeapSort,106.960147,
small_list/unsorted/unsorted_7.txt,HeapSort,100.805863,
small_list/unsorted/unsorted_10.txt,HeapSort,100.437718,
small_list/unsorted/unsorted_19.txt,HeapSort,99.614201,
small_list/unsorted/unsorted_22.txt,HeapSort,100.197771,
small_list/unsorted/unsorted_2.txt,HeapSort,99.035887,
small_list/unsorted/unsorted_15.txt,HeapSort,99.740711,
small_list/unsorted/unsorted_26.txt,HeapSort,107.713646,
small_list/unsorted/unsorted_11.txt,HeapSort,96.532485,
small_list/unsorted/unsorted_8.txt,HeapSort,115.539547,
small_list/unsorted/unsorted_18.txt,HeapSort,109.931351,
small_list/unsorted/unsorted_23.txt,HeapSort,103.543644,
small_list/unsorted/unsorted_1.txt,HeapSort,113.29323,
small_list/unsorted/unsorted_14.txt,HeapSort,96.856561,
small_list/unsorted/unsorted_27.txt,HeapSort,92.720797,
small_list/unsorted/unsorted_29.txt,HeapSort,96.912193,
small_list/unsorted/unsorted_5.txt,HeapSort,96.885854,
small_list/unsorted/unsorted_9.txt,HeapSort,94.068847,
small_list/unsorted/unsorted_17.txt,HeapSort,93.25447,
small_list/unsorted/unsorted_24.txt,HeapSort,102.813377,
small_list/unsorted/unsorted_30.txt,HeapSort,102.020104,
small_list/unsorted/unsorted_4.txt,HeapSort,105.072838,
small_list/unsorted/unsorted_13.txt,HeapSort,104.068685,
small_list/sorted_smallest_largest/sorted_19.txt,HeapSort,205.178329,
small_list/sorted_smallest_largest/sorted_27.txt,HeapSort,112.226913,
small_list/sorted_smallest_largest/sorted_12.txt,HeapSort,109.380024,
small_list/sorted_smallest_largest/sorted_3.txt,HeapSort,111.486388,
small_list/sorted_smallest_largest/sorted_16.txt,HeapSort,109.620138,
small_list/sorted_smallest_largest/sorted_24.txt,HeapSort,104.863319,
small_list/sorted_smallest_largest/sorted_20.txt,HeapSort,107.054273,
small_list/sorted_smallest_largest/sorted_7.txt,HeapSort,107.361134,
small_list/sorted_smallest_largest/sorted_11.txt,HeapSort,96.314131,
small_list/sorted_smallest_largest/sorted_2.txt,HeapSort,96.442282,
small_list/sorted_smallest_largest/sorted_26.txt,HeapSort,98.308672,
small_list/sorted_smallest_largest/sorted_6.txt,HeapSort,98.959543,
small_list/sorted_smallest_largest/sorted_15.txt,HeapSort,102.816429,
small_list/sorted_smallest_largest/sorted_21.txt,HeapSort,102.152784,
small_list/sorted_smallest_largest/sorted_1.txt,HeapSort,98.504106,
small_list/sorted_smallest_largest/sorted_10.txt,HeapSort,95.09839,
small_list/sorted_smallest_largest/sorted_29.txt,HeapSort,101.396939,
small_list/sorted_smallest_largest/sorted_25.txt,HeapSort,94.987476,
small_list/sorted_smallest_largest/sorted_30.txt,HeapSort,96.523237,
small_list/sorted_smallest_largest/sorted_5.txt,HeapSort,102.008987,
small_list/sorted_smallest_largest/sorted_14.txt,HeapSort,98.260155,
small_list/sorted_smallest_largest/sorted_18.txt,HeapSort,96.983362,
small_list/sorted_smallest_largest/sorted_22.txt,HeapSort,99.179027,
small_list/sorted_smallest_largest/sorted_9.txt,HeapSort,102.340583,
small_list/sorted_smallest_largest/sorted_28.txt,HeapSort,97.059842,
small_list/sorted_smallest_largest/sorted_13.txt,HeapSort,129.908926,
small_list/sorted_smallest_largest/sorted_23.txt,HeapSort,109.279057,
small_list/sorted_smallest_largest/sorted_4.txt,HeapSort,105.504255,
small_list/sorted_smallest_largest/sorted_8.txt,HeapSort,110.339169,
small_list/sorted_smallest_largest/sorted_17.txt,HeapSort,102.045339,
small_list/sorted_largest_smallest/sorted_4.txt,HeapSort,104.171421,
small_list/sorted_largest_smallest/sorted_28.txt,HeapSort,103.282071,
small_list/sorted_largest_smallest/sorted_21.txt,HeapSort,108.819375,
small_list/sorted_largest_smallest/sorted_16.txt,HeapSort,104.327006,
small_list/sorted_largest_smallest/sorted_25.txt,HeapSort,106.644216,
small_list/sorted_largest_smallest/sorted_12.txt,HeapSort,108.342645,
small_list/sorted_largest_smallest/sorted_7.txt,HeapSort,106.545639,
small_list/sorted_largest_smallest/sorted_29.txt,HeapSort,99.297248,
small_list/sorted_largest_smallest/sorted_20.txt,HeapSort,108.497691,
small_list/sorted_largest_smallest/sorted_5.txt,HeapSort,96.624533,
small_list/sorted_largest_smallest/sorted_17.txt,HeapSort,102.152743,
small_list/sorted_largest_smallest/sorted_1.txt,HeapSort,106.211825,
small_list/sorted_largest_smallest/sorted_24.txt,HeapSort,100.107649,
small_list/sorted_largest_smallest/sorted_30.txt,HeapSort,108.137007,
small_list/sorted_largest_smallest/sorted_13.txt,HeapSort,103.816169,
small_list/sorted_largest_smallest/sorted_6.txt,HeapSort,97.658801,
small_list/sorted_largest_smallest/sorted_11.txt,HeapSort,97.785568,
small_list/sorted_largest_smallest/sorted_2.txt,HeapSort,99.267318,
small_list/sorted_largest_smallest/sorted_18.txt,HeapSort,96.102886,
small_list/sorted_largest_smallest/sorted_23.txt,HeapSort,108.751928,
small_list/sorted_largest_smallest/sorted_14.txt,HeapSort,96.848422,
small_list/sorted_largest_smallest/sorted_9.txt,HeapSort,102.390329,
small_list/sorted_largest_smallest/sorted_10.txt,HeapSort,97.990052,
small_list/sorted_largest_smallest/sorted_27.txt,HeapSort,99.750804,
small_list/sorted_largest_smallest/sorted_19.txt,HeapSort,94.522353,
small_list/sorted_largest_smallest/sorted_22.txt,HeapSort,102.280026,
small_list/sorted_largest_smallest/sorted_3.txt,HeapSort,101.286066,
small_list/sorted_largest_smallest/sorted_15.txt,HeapSort,104.040678,
small_list/sorted_largest_smallest/sorted_8.txt,HeapSort,102.343432,
small_list/sorted_largest_smallest/sorted_26.txt,HeapSort,98.556771,
medium_list/unsorted/unsorted_23.txt,HeapSort,106.338492,
medium_list/unsorted/unsorted_3.txt,HeapSort,108.193585,
medium_list/unsorted/unsorted_15.txt,HeapSort,111.433956,
medium_list/unsorted/unsorted_11.txt,HeapSort,107.012613,
medium_list/unsorted/unsorted_7.txt,HeapSort,106.975338,
medium_list/unsorted/unsorted_27.txt,HeapSort,108.502435,
medium_list/unsorted/unsorted_18.txt,HeapSort,104.206232,
medium_list/unsorted/unsorted_20.txt,HeapSort,104.07296,
medium_list/unsorted/unsorted_4.txt,HeapSort,116.109865,
medium_list/unsorted/unsorted_24.txt,HeapSort,96.357858,
medium_list/unsorted/unsorted_12.txt,HeapSort,95.91619,
medium_list/unsorted/unsorted_30.txt,HeapSort,94.986093,
medium_list/unsorted/unsorted_9.txt,HeapSort,100.857379,
medium_list/unsorted/unsorted_28.txt,HeapSort,98.029782,
medium_list/unsorted/unsorted_17.txt,HeapSort,101.797788,
medium_list/unsorted/unsorted_5.txt,HeapSort,99.858498,
medium_list/unsorted/unsorted_25.txt,HeapSort,96.493094,
medium_list/unsorted/unsorted_13.txt,HeapSort,118.733202,
medium_list/unsorted/unsorted_8.txt,HeapSort,97.748656,
medium_list/unsorted/unsorted_16.txt,HeapSort,100.541727,
medium_list/unsorted/unsorted_29.txt,HeapSort,96.615418,
medium_list/unsorted/unsorted_1.txt,HeapSort,95.83,
medium_list/unsorted/unsorted_22.txt,HeapSort,98.115633,
medium_list/unsorted/unsorted_14.txt,HeapSort,102.362545,
medium_list/unsorted/unsorted_6.txt,HeapSort,93.879234,
medium_list/unsorted/unsorted_26.txt,HeapSort,102.965421,
medium_list/unsorted/unsorted_10.txt,HeapSort,100.151585,
medium_list/unsorted/unsorted_19.txt,HeapSort,100.865058,
medium_list/unsorted/unsorted_2.txt,HeapSort,110.210056,
medium_list/unsorted/unsorted_21.txt,HeapSort,95.288606,
medium_list/sorted_smallest_largest/sorted_22.txt,HeapSort,109.748459,
medium_list/sorted_smallest_largest/sorted_14.txt,HeapSort,103.865343,
medium_list/sorted_smallest_largest/sorted_4.txt,HeapSort,107.873313,
medium_list/sorted_smallest_largest/sorted_29.txt,HeapSort,104.265137,
medium_list/sorted_smallest_largest/sorted_8.txt,HeapSort,104.244306,
medium_list/sorted_smallest_largest/sorted_17.txt,HeapSort,104.320578,
medium_list/sorted_smallest_largest/sorted_10.txt,HeapSort,104.027851,
medium_list/sorted_smallest_largest/sorted_1.txt,HeapSort,107.88337,
medium_list/sorted_smallest_largest/sorted_25.txt,HeapSort,103.261439,
medium_list/sorted_smallest_largest/sorted_13.txt,HeapSort,105.095982,
medium_list/sorted_smallest_largest/sorted_28.txt,HeapSort,101.61297,
medium_list/sorted_smallest_largest/sorted_5.txt,HeapSort,96.842882,
medium_list/sorted_smallest_largest/sorted_18.txt,HeapSort,100.199555,
medium_list/sorted_smallest_largest/sorted_30.txt,HeapSort,106.407027,
medium_list/sorted_smallest_largest/sorted_24.txt,HeapSort,117.63437,
medium_list/sorted_smallest_largest/sorted_9.txt,HeapSort,112.837871,
medium_list/sorted_smallest_largest/sorted_2.txt,HeapSort,94.585782,
medium_list/sorted_smallest_largest/sorted_16.txt,HeapSort,96.454435,
medium_list/sorted_smallest_largest/sorted_20.txt,HeapSort,99.221422,
medium_list/sorted_smallest_largest/sorted_6.txt,HeapSort,119.952081,
medium_list/sorted_smallest_largest/sorted_27.txt,HeapSort,104.981122,
medium_list/sorted_smallest_largest/sorted_23.txt,HeapSort,96.227795,
medium_list/sorted_smallest_largest/sorted_19.txt,HeapSort,98.605111,
medium_list/sorted_smallest_largest/sorted_12.txt,HeapSort,104.075833,
medium_list/sorted_smallest_largest/sorted_21.txt,HeapSort,103.422917,
medium_list/sorted_smallest_largest/sorted_3.txt,HeapSort,97.45484,
medium_list/sorted_smallest_largest/sorted_15.txt,HeapSort,100.076483,
medium_list/sorted_smallest_largest/sorted_7.txt,HeapSort,103.007882,
medium_list/sorted_smallest_largest/sorted_26.txt,HeapSort,101.220367,
medium_list/sorted_smallest_largest/sorted_11.txt,HeapSort,101.738683,
medium_list/sorted_largest_smallest/sorted_5.txt,HeapSort,113.257788,
medium_list/sorted_largest_smallest/sorted_11.txt,HeapSort,106.554166,
medium_list/sorted_largest_smallest/sorted_23.txt,HeapSort,105.909606,
medium_list/sorted_largest_smallest/sorted_26.txt,HeapSort,104.466859,
medium_list/sorted_largest_smallest/sorted_15.txt,HeapSort,107.969242,
medium_list/sorted_largest_smallest/sorted_1.txt,HeapSort,108.954972,
medium_list/sorted_largest_smallest/sorted_8.txt,HeapSort,94.444712,
medium_list/sorted_largest_smallest/sorted_22.txt,HeapSort,101.174516,
medium_list/sorted_largest_smallest/sorted_12.txt,HeapSort,100.82027,
medium_list/sorted_largest_smallest/sorted_4.txt,HeapSort,99.144123,
medium_list/sorted_largest_smallest/sorted_27.txt,HeapSort,98.202638,
medium_list/sorted_largest_smallest/sorted_9.txt,HeapSort,102.209728,
medium_list/sorted_largest_smallest/sorted_16.txt,HeapSort,95.976714,
medium_list/sorted_largest_smallest/sorted_13.txt,HeapSort,98.846453,
medium_list/sorted_largest_smallest/sorted_7.txt,HeapSort,101.401026,
medium_list/sorted_largest_smallest/sorted_21.txt,HeapSort,94.009567,
medium_list/sorted_largest_smallest/sorted_25.txt,HeapSort,102.596189,
medium_list/sorted_largest_smallest/sorted_17.txt,HeapSort,97.444718,
medium_list/sorted_largest_smallest/sorted_3.txt,HeapSort,98.410556,
medium_list/sorted_largest_smallest/sorted_28.txt,HeapSort,94.080849,
medium_list/sorted_largest_smallest/sorted_30.txt,HeapSort,99.909658,
medium_list/sorted_largest_smallest/sorted_6.txt,HeapSort,95.336246,
medium_list/sorted_largest_smallest/sorted_14.txt,HeapSort,97.358135,
medium_list/sorted_largest_smallest/sorted_24.txt,HeapSort,97.833054,
medium_list/sorted_largest_smallest/sorted_10.txt,HeapSort,96.8067,
medium_list/sorted_largest_smallest/sorted_19.txt,HeapSort,100.08987,
medium_list/sorted_largest_smallest/sorted_2.txt,HeapSort,100.271163,
medium_list/sorted_largest_smallest/sorted_18.txt,HeapSort,108.080122,
medium_list/sorted_largest_smallest/sorted_20.txt,HeapSort,102.295034,
medium_list/sorted_largest_smallest/sorted_29.txt,HeapSort,95.836482,
large_list/unsorted/unsorted_29.txt,HeapSort,105.596384,
large_list/unsorted/unsorted_10.txt,HeapSort,113.191322,
large_list/unsorted/unsorted_14.txt,HeapSort,107.277662,
large_list/unsorted/unsorted_3.txt,HeapSort,103.435006,
large_list/unsorted/unsorted_30.txt,HeapSort,104.680517,
large_list/unsorted/unsorted_6.txt,HeapSort,107.940717,
large_list/unsorted/unsorted_22.txt,HeapSort,101.26598,
large_list/unsorted/unsorted_18.txt,HeapSort,109.179199,
large_list/unsorted/unsorted_11.txt,HeapSort,98.793882,
large_list/unsorted/unsorted_2.txt,HeapSort,97.921602,
large_list/unsorted/unsorted_26.txt,HeapSort,100.523034,
large_list/unsorted/unsorted_25.txt,HeapSort,97.891445,
large_list/unsorted/unsorted_15.txt,HeapSort,98.6782,
large_list/unsorted/unsorted_19.txt,HeapSort,105.104083,
large_list/unsorted/unsorted_7.txt,HeapSort,100.096398,
large_list/unsorted/unsorted_21.txt,HeapSort,104.452365,
large_list/unsorted/unsorted_20.txt,HeapSort,94.462302,
large_list/unsorted/unsorted_12.txt,HeapSort,93.687226,
large_list/unsorted/unsorted_5.txt,HeapSort,96.643543,
large_list/unsorted/unsorted_27.txt,HeapSort,99.782319,
large_list/unsorted/unsorted_8.txt,HeapSort,100.976415,
large_list/unsorted/unsorted_16.txt,HeapSort,103.201382,
large_list/unsorted/unsorted_24.txt,HeapSort,94.777489,
large_list/unsorted/unsorted_1.txt,HeapSort,100.550817,
large_list/unsorted/unsorted_4.txt,HeapSort,98.870341,
large_list/unsorted/unsorted_28.txt,HeapSort,92.914106,
large_list/unsorted/unsorted_13.txt,HeapSort,98.850287,
large_list/unsorted/unsorted_9.txt,HeapSort,99.528513,
large_list/unsorted/unsorted_23.txt,HeapSort,101.058961,
large_list/unsorted/unsorted_17.txt,HeapSort,101.02387,
large_list/sorted_smallest_largest/sorted_16.txt,HeapSort,110.731757,
large_list/sorted_smallest_largest/sorted_20.txt,HeapSort,105.736172,
large_list/sorted_smallest_largest/sorted_27.txt,HeapSort,104.043412,
large_list/sorted_smallest_largest/sorted_19.txt,HeapSort,103.948042,
large_list/sorted_smallest_largest/sorted_12.txt,HeapSort,105.284054,
large_list/sorted_smallest_largest/sorted_6.txt,HeapSort,104.035964,
large_list/sorted_smallest_largest/sorted_7.txt,HeapSort,99.804465,
large_list/sorted_smallest_largest/sorted_21.txt,HeapSort,98.947747,
large_list/sorted_smallest_largest/sorted_15.txt,HeapSort,100.854768,
large_list/sorted_smallest_largest/sorted_2.txt,HeapSort,96.484063,
large_list/sorted_smallest_largest/sorted_3.txt,HeapSort,104.486652,
large_list/sorted_smallest_largest/sorted_26.txt,HeapSort,100.199573,
large_list/sorted_smallest_largest/sorted_11.txt,HeapSort,97.270325,
large_list/sorted_smallest_largest/sorted_8.txt,HeapSort,97.830648,
large_list/sorted_smallest_largest/sorted_14.txt,HeapSort,98.678707,
large_list/sorted_smallest_largest/sorted_30.txt,HeapSort,96.540905,
large_list/sorted_smallest_largest/sorted_22.txt,HeapSort,100.08886,
large_list/sorted_smallest_largest/sorted_29.txt,HeapSort,94.35846,
large_list/sorted_smallest_largest/sorted_1.txt,HeapSort,95.602856,
large_list/sorted_smallest_largest/sorted_10.txt,HeapSort,98.164314,
large_list/sorted_smallest_largest/sorted_4.txt,HeapSort,102.44768,
large_list/sorted_smallest_largest/sorted_25.txt,HeapSort,109.864885,
large_list/sorted_smallest_largest/sorted_23.txt,HeapSort,97.198674,
large_list/sorted_smallest_largest/sorted_9.txt,HeapSort,94.314193,
large_list/sorted_smallest_largest/sorted_13.txt,HeapSort,93.416837,
large_list/sorted_smallest_largest/sorted_17.txt,HeapSort,94.406568,
large_list/sorted_smallest_largest/sorted_28.txt,HeapSort,103.60762,
large_list/sorted_smallest_largest/sorted_18.txt,HeapSort,101.240749,
large_list/sorted_smallest_largest/sorted_5.txt,HeapSort,106.482965,
large_list/sorted_smallest_largest/sorted_24.txt,HeapSort,92.850274,
large_list/sorted_largest_smallest/sorted_4.txt,HeapSort,109.76677,
large_list/sorted_largest_smallest/sorted_13.txt,HeapSort,103.738683,
large_list/sorted_largest_smallest/sorted_25.txt,HeapSort,105.141409,
large_list/sorted_largest_smallest/sorted_8.txt,HeapSort,106.533378,
large_list/sorted_largest_smallest/sorted_10.txt,HeapSort,108.144669,
large_list/sorted_largest_smallest/sorted_17.txt,HeapSort,104.772711,
large_list/sorted_largest_smallest/sorted_21.txt,HeapSort,103.519685,
large_list/sorted_largest_smallest/sorted_28.txt,HeapSort,103.989429,
large_list/sorted_largest_smallest/sorted_3.txt,HeapSort,99.372348,
large_list/sorted_largest_smallest/sorted_14.txt,HeapSort,99.981433,
large_list/sorted_largest_smallest/sorted_30.txt,HeapSort,98.325556,
large_list/sorted_largest_smallest/sorted_24.txt,HeapSort,99.171546,
large_list/sorted_largest_smallest/sorted_7.txt,HeapSort,101.643894,
large_list/sorted_largest_smallest/sorted_18.txt,HeapSort,103.639436,
large_list/sorted_largest_smallest/sorted_20.txt,HeapSort,115.403942,
large_list/sorted_largest_smallest/sorted_29.txt,HeapSort,103.504063,
large_list/sorted_largest_smallest/sorted_23.txt,HeapSort,93.30414,
large_list/sorted_largest_smallest/sorted_2.txt,HeapSort,106.513945,
large_list/sorted_largest_smallest/sorted_11.txt,HeapSort,109.442791,
large_list/sorted_largest_smallest/sorted_19.txt,HeapSort,101.251009,
large_list/sorted_largest_smallest/sorted_26.txt,HeapSort,100.631734,
large_list/sorted_largest_smallest/sorted_6.txt,HeapSort,99.226538,
large_list/sorted_largest_smallest/sorted_15.txt,HeapSort,93.02454,
large_list/sorted_largest_smallest/sorted_1.txt,HeapSort,94.828458,
large_list/sorted_largest_smallest/sorted_22.txt,HeapSort,94.242861,
large_list/sorted_largest_smallest/sorted_12.txt,HeapSort,94.816292,
large_list/sorted_largest_smallest/sorted_27.txt,HeapSort,100.205491,
large_list/sorted_largest_smallest/sorted_9.txt,HeapSort,104.62983,
large_list/sorted_largest_smallest/sorted_5.txt,HeapSort,104.004221,
large_list/sorted_largest_smallest/sorted_16.txt,HeapSort,107.934816,
